week,period,category,reg_hrs,reg_pay,ot_pay,total_pay,pct_sales,pct_food_sales
2.1.26,last_year,BOH,725,11733,33,11766,6.99,14.48
2.1.26,last_year,FOH,1168,7505,0,7505,4.46,
2.1.26,last_year,Training,92,986,0,986,0.59,
2.1.26,last_year,FOH Salary,0,8490,0,8490,5.05,
2.1.26,last_year,BOH Salary,0,8895,0,8895,5.29,10.95
2.1.26,last_year,OTHER,0,1548,0,1548,0.92,
2.1.26,last_year,SUBTOTAL,1985,39156,33,39189,23.29,25.43
2.1.26,last_year,PAYROLL TAX,,7831,7,7838,4.66,
2.1.26,last_year,TOTAL LABOR,,46987,40,47027,27.95,
2.1.26,report_week,BOH,532,8345,0,8345,6.48,13.00
2.1.26,report_week,FOH,932,5814,77,5891,4.58,
2.1.26,report_week,Training,24,348,35,383,0.30,
2.1.26,report_week,FOH Salary,0,6978,0,6978,5.42,
2.1.26,report_week,BOH Salary,0,8168,0,8168,6.35,12.72
2.1.26,report_week,OTHER,0,422,0,422,0.33,
2.1.26,report_week,SUBTOTAL,1488,30076,112,30188,23.45,25.72
2.1.26,report_week,PAYROLL TAX,,6015,22,6038,4.69,
2.1.26,report_week,TOTAL LABOR,,36091,134,36225,28.14,
2.8.26,last_year,BOH,694,11163,50,11213,5.67,11.56
2.8.26,last_year,FOH,1333,8216,0,8216,4.15,
2.8.26,last_year,Training,51,547,0,547,0.28,
2.8.26,last_year,FOH Salary,0,7925,0,7925,4.01,
2.8.26,last_year,BOH Salary,0,10395,0,10395,5.26,10.72
2.8.26,last_year,OTHER,0,1548,0,1548,0.78,
2.8.26,last_year,SUBTOTAL,2078,39794,50,39844,20.15,22.28
2.8.26,last_year,PAYROLL TAX,,7959,10,7969,4.03,
2.8.26,last_year,TOTAL LABOR,,47753,60,47813,24.18,
2.8.26,report_week,BOH,552,8779,0,8779,6.40,13.15
2.8.26,report_week,FOH,949,6637,77,6714,4.90,
2.8.26,report_week,Training,27,298,35,333,0.24,
2.8.26,report_week,FOH Salary,0,6688,0,6688,4.88,
2.8.26,report_week,BOH Salary,0,8961,0,8961,6.53,13.43
2.8.26,report_week,OTHER,0,687,0,687,0.50,
2.8.26,report_week,SUBTOTAL,1528,32049,112,32161,23.45,26.58
2.8.26,report_week,PAYROLL TAX,,6410,22,6432,4.69,
2.8.26,report_week,TOTAL LABOR,,38459,134,38594,28.14,
2.15.26,last_year,BOH,702,12122,65,12186,6.38,12.57
2.15.26,last_year,FOH,1185,7346,77,7423,3.89,
2.15.26,last_year,Training,53,565,0,565,0.30,
2.15.26,last_year,FOH Salary,0,8710,0,8710,4.56,
2.15.26,last_year,BOH Salary,0,11395,0,11395,5.97,11.75
2.15.26,last_year,OTHER,0,1548,0,1548,0.81,
2.15.26,last_year,SUBTOTAL,1940,41685,142,41827,21.91,24.32
2.15.26,last_year,PAYROLL TAX,,8337,28,8365,4.38,
2.15.26,last_year,TOTAL LABOR,,50023,170,50193,26.30,
2.15.26,report_week,BOH,550,8690,0,8690,6.14,12.45
2.15.26,report_week,FOH,971,6659,77,6736,4.76,
2.15.26,report_week,Training,142,1561,0,1561,1.10,
2.15.26,report_week,FOH Salary,0,6688,0,6688,4.72,
2.15.26,report_week,BOH Salary,0,9248,0,9248,6.53,13.25
2.15.26,report_week,OTHER,0,0,0,0,0.00,
2.15.26,report_week,SUBTOTAL,1663,32845,77,32922,23.25,25.71
2.15.26,report_week,PAYROLL TAX,,6569,15,6584,4.65,
2.15.26,report_week,TOTAL LABOR,,39414,92,39507,27.90,
2.22.26,last_year,BOH,675,11274,0,11274,5.13,10.70
2.22.26,last_year,FOH,1277,7705,33,7738,3.52,
2.22.26,last_year,Training,58,618,0,618,0.28,
2.22.26,last_year,FOH Salary,0,6064,0,6064,2.76,
2.22.26,last_year,BOH Salary,0,11395,0,11395,5.18,10.81
2.22.26,last_year,OTHER,0,1548,0,1548,0.70,
2.22.26,last_year,SUBTOTAL,2009,38604,33,38637,17.58,21.51
2.22.26,last_year,PAYROLL TAX,,7721,7,7727,3.52,
2.22.26,last_year,TOTAL LABOR,,46325,40,46364,21.09,
2.22.26,report_week,BOH,543,8603,0,8603,5.70,11.34
2.22.26,report_week,FOH,ERR,6505,77,6582,4.36,
2.22.26,report_week,Training,ERR,1462,0,1462,0.97,
2.22.26,report_week,FOH Salary,0,6088,0,6088,4.03,
2.22.26,report_week,BOH Salary,0,9798,0,9798,6.49,12.91
2.22.26,report_week,OTHER,0,0,0,0,0.00,
2.22.26,report_week,SUBTOTAL,ERR,32456,77,32533,21.55,24.25
2.22.26,report_week,PAYROLL TAX,,6491,15,6507,4.31,
2.22.26,report_week,TOTAL LABOR,,38947,92,39040,25.85,
3.1.26,last_year,BOH,730,11806,200,12005,4.89,11.39
3.1.26,last_year,FOH,1485,9424,264,9688,3.94,
3.1.26,last_year,Training,65,700,0,700,0.28,
3.1.26,last_year,FOH Salary,0,6179,0,6179,2.51,
3.1.26,last_year,BOH Salary,0,12050,0,12050,4.90,11.43
3.1.26,last_year,OTHER,0,1548,0,1548,0.63,
3.1.26,last_year,SUBTOTAL,2280,41706,464,42170,17.16,22.83
3.1.26,last_year,PAYROLL TAX,,8341,93,8434,3.43,
3.1.26,last_year,TOTAL LABOR,,50047,557,50604,20.60,
3.1.26,report_week,BOH,576,9162,0,9162,5.48,12.08
3.1.26,report_week,FOH,1132,7368,77,7445,4.45,
3.1.26,report_week,Training,57,630,0,630,0.38,
3.1.26,report_week,FOH Salary,0,6939,0,6939,4.15,
3.1.26,report_week,BOH Salary,0,10248,0,10248,6.12,13.51
3.1.26,report_week,OTHER,0,0,0,0,0.00,
3.1.26,report_week,SUBTOTAL,1766,34347,77,34424,20.57,25.58
3.1.26,report_week,PAYROLL TAX,,6869,15,6885,4.11,
3.1.26,report_week,TOTAL LABOR,,41217,92,41309,24.69,
3.8.26,last_year,BOH,691,11656,0,11656,7.29,12.60
3.8.26,last_year,FOH,1137,7188,1,7189,4.50,
3.8.26,last_year,Training,63,673,0,673,0.42,
3.8.26,last_year,FOH Salary,0,6179,0,6179,3.86,
3.8.26,last_year,BOH Salary,0,12050,0,12050,7.53,13.03
3.8.26,last_year,OTHER,0,1548,0,1548,0.97,
3.8.26,last_year,SUBTOTAL,1891,39294,1,39295,24.57,25.63
3.8.26,last_year,PAYROLL TAX,,7859,0,7859,4.91,
3.8.26,last_year,TOTAL LABOR,,47153,1,47154,29.49,
3.8.26,report_week,BOH,569,9009,0,9009,4.44,9.71
3.8.26,report_week,FOH,1298,8298,77,8375,4.12,
3.8.26,report_week,Training,94,1032,0,1032,0.51,
3.8.26,report_week,FOH Salary,0,7027,0,7027,3.46,
3.8.26,report_week,BOH Salary,0,10248,0,10248,5.05,11.05
3.8.26,report_week,OTHER,0,0,0,0,0.00,
3.8.26,report_week,SUBTOTAL,1961,35614,77,35691,17.57,20.76
3.8.26,report_week,PAYROLL TAX,,7123,15,7138,3.51,
3.8.26,report_week,TOTAL LABOR,,42737,92,42830,21.09,
3.15.26,last_year,BOH,672,11261,399,11660,7.35,13.03
3.15.26,last_year,FOH,1144,7142,323,7465,4.71,
3.15.26,last_year,Training,74,797,0,797,0.50,
3.15.26,last_year,FOH Salary,0,6910,0,6910,4.36,
3.15.26,last_year,BOH Salary,0,12983,0,12983,8.19,14.51
3.15.26,last_year,OTHER,0,1548,0,1548,0.98,
3.15.26,last_year,SUBTOTAL,1890,40641,722,41363,26.08,27.54
3.15.26,last_year,PAYROLL TAX,,8128,144,8273,5.22,
3.15.26,last_year,TOTAL LABOR,,48769,867,49635,31.29,
3.15.26,report_week,BOH,564,8971,0,8971,7.05,11.30
3.15.26,report_week,FOH,926,5363,77,5440,4.27,
3.15.26,report_week,Training,78,858,0,858,0.67,
3.15.26,report_week,FOH Salary,0,6177,0,6177,4.85,
3.15.26,report_week,BOH Salary,0,10248,0,10248,8.05,12.90
3.15.26,report_week,OTHER,0,422,0,422,0.33,
3.15.26,report_week,SUBTOTAL,1568,32039,77,32116,25.23,24.20
3.15.26,report_week,PAYROLL TAX,,6408,15,6423,5.05,
3.15.26,report_week,TOTAL LABOR,,38447,92,38540,30.28,
3.22.26,last_year,BOH,721,12164,86,12250,5.43,11.24
3.22.26,last_year,FOH,1392,8344,26,8370,3.71,
3.22.26,last_year,Training,42,455,0,455,0.20,
3.22.26,last_year,FOH Salary,0,7124,0,7124,3.16,
3.22.26,last_year,BOH Salary,0,13683,0,13683,6.06,12.55
3.22.26,last_year,OTHER,0,1548,0,1548,0.69,
3.22.26,last_year,SUBTOTAL,2155,43318,112,43429,19.24,23.79
3.22.26,last_year,PAYROLL TAX,,8664,22,8686,3.85,
3.22.26,last_year,TOTAL LABOR,,51981,134,52115,23.08,
3.22.26,report_week,BOH,610,9772,0,9772,8.58,14.21
3.22.26,report_week,FOH,874,5413,77,5490,4.82,
3.22.26,report_week,Training,0,0,0,0,0.00,
3.22.26,report_week,FOH Salary,0,6476,0,6476,5.68,
3.22.26,report_week,BOH Salary,0,9348,0,9348,8.21,13.59
3.22.26,report_week,OTHER,0,422,0,422,0.37,
3.22.26,report_week,SUBTOTAL,1484,31431,77,31508,27.66,27.81
3.22.26,report_week,PAYROLL TAX,,6286,15,6302,5.53,
3.22.26,report_week,TOTAL LABOR,,37717,92,37810,33.19,
3.29.26,last_year,BOH,598,9610,34,9644,4.16,8.85
3.29.26,last_year,FOH,1486,9296,86,9382,4.05,
3.29.26,last_year,Training,37,400,0,400,0.17,
3.29.26,last_year,FOH Salary,0,7204,0,7204,3.11,
3.29.26,last_year,BOH Salary,0,14183,0,14183,6.12,13.01
3.29.26,last_year,OTHER,0,1548,0,1548,0.67,
3.29.26,last_year,SUBTOTAL,2121,42241,120,42360,18.28,21.86
3.29.26,last_year,PAYROLL TAX,,8448,24,8472,3.66,
3.29.26,last_year,TOTAL LABOR,,50689,144,50832,21.93,
3.29.26,report_week,BOH,654,10789,0,10789,6.27,15.69
3.29.26,report_week,FOH,1028,6458,77,6535,3.80,
3.29.26,report_week,Training,42,465,0,465,0.27,
3.29.26,report_week,FOH Salary,0,6738,0,6738,3.91,
3.29.26,report_week,BOH Salary,0,9348,0,9348,5.43,13.59
3.29.26,report_week,OTHER,0,0,0,0,0.00,
3.29.26,report_week,SUBTOTAL,1725,33798,77,33875,19.68,29.28
3.29.26,report_week,PAYROLL TAX,,6760,15,6775,3.94,
3.29.26,report_week,TOTAL LABOR,,40558,92,40650,23.61,
4.5.26,last_year,BOH,642,10380,34,10414,5.20,10.27
4.5.26,last_year,FOH,1354,8634,40,8674,4.33,
4.5.26,last_year,Training,64,680,0,680,0.34,
4.5.26,last_year,FOH Salary,0,7204,0,7204,3.59,
4.5.26,last_year,BOH Salary,0,14083,0,14083,7.03,13.89
4.5.26,last_year,OTHER,0,1548,0,1548,0.77,
4.5.26,last_year,SUBTOTAL,2060,42529,74,42603,21.26,24.15
4.5.26,last_year,PAYROLL TAX,,8506,15,8521,4.25,
4.5.26,last_year,TOTAL LABOR,,51034,89,51123,25.51,
4.5.26,report_week,BOH,609,9832,0,9832,7.04,13.56
4.5.26,report_week,FOH,997,6296,77,6373,4.57,
4.5.26,report_week,Training,10,111,0,111,0.08,
4.5.26,report_week,FOH Salary,0,6425,0,6425,4.60,
4.5.26,report_week,BOH Salary,0,8848,0,8848,6.34,12.21
4.5.26,report_week,OTHER,0,422,0,422,0.30,
4.5.26,report_week,SUBTOTAL,1616,31934,77,32011,22.93,25.77
4.5.26,report_week,PAYROLL TAX,,6387,15,6402,4.59,
4.5.26,report_week,TOTAL LABOR,,38321,92,38413,27.52,
4.12.26,last_year,BOH,648,10494,0,10494,4.88,10.35
4.12.26,last_year,FOH,1375,8433,135,8568,3.98,
4.12.26,last_year,Training,17,180,0,180,0.08,
4.12.26,last_year,FOH Salary,0,7204,0,7204,3.35,
4.12.26,last_year,BOH Salary,0,15383,0,15383,7.15,15.17
4.12.26,last_year,OTHER,0,1548,0,1548,0.72,
4.12.26,last_year,SUBTOTAL,2040,43242,135,43377,20.17,25.52
4.12.26,last_year,PAYROLL TAX,,8648,27,8675,4.03,
4.12.26,last_year,TOTAL LABOR,,51890,162,52052,24.20,
4.12.26,report_week,BOH,348,9685,0,9685,6.29,11.49
4.12.26,report_week,FOH,1061,5923,77,6000,3.90,
4.12.26,report_week,Training,2,23,0,23,0.01,
4.12.26,report_week,FOH Salary,0,6475,0,6475,4.21,
4.12.26,report_week,BOH Salary,0,11148,0,11148,7.25,13.22
4.12.26,report_week,OTHER,0,422,0,422,0.27,
4.12.26,report_week,SUBTOTAL,1411,33676,77,33753,21.94,24.71
4.12.26,report_week,PAYROLL TAX,,6735,15,6751,4.39,
4.12.26,report_week,TOTAL LABOR,,40411,92,40504,26.32,
4.19.26,last_year,BOH,632,10180,0,10180,4.92,10.11
4.19.26,last_year,FOH,1410,8574,8,8582,4.15,
4.19.26,last_year,Training,76,814,0,814,0.39,
4.19.26,last_year,FOH Salary,0,5638,0,5638,2.72,
4.19.26,last_year,BOH Salary,0,15383,0,15383,7.43,15.27
4.19.26,last_year,OTHER,0,1548,0,1548,0.75,
4.19.26,last_year,SUBTOTAL,2118,42137,8,42145,20.36,25.38
4.19.26,last_year,PAYROLL TAX,,8427,2,8429,4.07,
4.19.26,last_year,TOTAL LABOR,,50564,10,50574,24.44,
4.19.26,report_week,BOH,639,10447,0,10447,6.29,10.54
4.19.26,report_week,FOH,1140,7029,77,7106,4.28,
4.19.26,report_week,Training,40,443,0,443,0.27,
4.19.26,report_week,FOH Salary,0,6679,0,6679,4.02,
4.19.26,report_week,BOH Salary,0,9868,0,9868,5.94,9.95
4.19.26,report_week,OTHER,0,422,0,422,0.25,
4.19.26,report_week,SUBTOTAL,1819,34888,77,34965,21.05,20.49
4.19.26,report_week,PAYROLL TAX,,6978,15,6993,4.21,
4.19.26,report_week,TOTAL LABOR,,41866,92,41958,25.26,
4.26.26,last_year,BOH,627,10091,308,10399,4.35,8.79
4.26.26,last_year,FOH,1532,9502,144,9646,4.04,
4.26.26,last_year,Training,62,688,0,688,0.29,
4.26.26,last_year,FOH Salary,0,5798,0,5798,2.43,
4.26.26,last_year,BOH Salary,0,13395,0,13395,5.60,11.32
4.26.26,last_year,OTHER,0,1548,0,1548,0.65,
4.26.26,last_year,SUBTOTAL,2221,41022,452,41474,17.35,20.12
4.26.26,last_year,PAYROLL TAX,,8204,90,8295,3.47,
4.26.26,last_year,TOTAL LABOR,,49226,543,49768,20.82,
4.26.26,report_week,BOH,636,9767,0,9767,5.32,10.33
4.26.26,report_week,FOH,1136,7069,77,7146,3.89,
4.26.26,report_week,Training,689,752,0,752,0.41,
4.26.26,report_week,FOH Salary,0,6258,0,6258,3.41,
4.26.26,report_week,BOH Salary,0,9512,0,9512,5.18,10.06
4.26.26,report_week,OTHER,0,0,0,0,0.00,
4.26.26,report_week,SUBTOTAL,2461,33358,77,33435,18.22,20.38
4.26.26,report_week,PAYROLL TAX,,6672,15,6687,3.64,
4.26.26,report_week,TOTAL LABOR,,40030,92,40122,21.86,
5.3.26,last_year,BOH,793,9882,2324,12206,4.49,9.47
5.3.26,last_year,FOH,1531,9212,186,9398,3.46,
5.3.26,last_year,Training,56,595,0,595,0.22,
5.3.26,last_year,FOH Salary,0,7338,0,7338,2.70,
5.3.26,last_year,BOH Salary,0,14195,0,14195,5.23,11.01
5.3.26,last_year,OTHER,0,1548,0,1548,0.57,
5.3.26,last_year,SUBTOTAL,2380,42770,2510,45280,16.67,20.48
5.3.26,last_year,PAYROLL TAX,,8554,502,9056,3.33,
5.3.26,last_year,TOTAL LABOR,,51323,3012,54335,20.00,
5.3.26,report_week,BOH,766,10821,0,10821,5.90,11.44
5.3.26,report_week,FOH,1105,6807,77,6884,3.75,
5.3.26,report_week,Training,151,1656,0,1656,0.90,
5.3.26,report_week,FOH Salary,0,6434,0,6434,3.51,
5.3.26,report_week,BOH Salary,0,9268,0,9268,5.05,9.80
5.3.26,report_week,OTHER,0,0,0,0,0.00,
5.3.26,report_week,SUBTOTAL,2022,34986,77,35063,19.10,21.24
5.3.26,report_week,PAYROLL TAX,,6997,15,7013,3.82,
5.3.26,report_week,TOTAL LABOR,,41983,92,42076,22.92,
5.17.26,last_year,BOH,734,10386,0,10386,5.70,11.04
5.17.26,last_year,FOH,1525,9506,246,9752,5.35,
5.17.26,last_year,Training,189,2025,0,2025,1.11,
5.17.26,last_year,FOH Salary,0,7338,0,7338,4.02,
5.17.26,last_year,BOH Salary,0,12995,0,12995,7.13,13.82
5.17.26,last_year,OTHER,0,1548,0,1548,0.85,
5.17.26,last_year,SUBTOTAL,2448,43798,246,44044,24.15,24.86
5.17.26,last_year,PAYROLL TAX,,8760,49,8809,4.83,
5.17.26,last_year,TOTAL LABOR,,52557,295,52852,28.98,
5.17.26,report_week,BOH,654,10616,0,10616,7.29,13.30
5.17.26,report_week,FOH,1213,7397,77,7474,5.13,
5.17.26,report_week,Training,210,2310,0,2310,1.59,
5.17.26,report_week,FOH Salary,0,6233,0,6233,4.28,
5.17.26,report_week,BOH Salary,0,12995,0,12995,8.92,16.28
5.17.26,report_week,OTHER,0,422,0,422,0.29,
5.17.26,report_week,SUBTOTAL,2077,39973,77,40050,27.48,29.57
5.17.26,report_week,PAYROLL TAX,,7995,15,8010,5.50,
5.17.26,report_week,TOTAL LABOR,,47967,92,48059,32.98,
6.7.26,last_year,BOH,623,9713,0,9713,5.58,10.74
6.7.26,last_year,FOH,1348,8570,284,8854,5.09,
6.7.26,last_year,Training,28,300,0,300,0.17,
6.7.26,last_year,FOH Salary,0,7338,0,7338,4.22,
6.7.26,last_year,BOH Salary,0,14195,0,14195,8.16,15.70
6.7.26,last_year,OTHER,0,1548,0,1548,0.89,
6.7.26,last_year,SUBTOTAL,1999,41664,284,41948,24.10,26.44
6.7.26,last_year,PAYROLL TAX,,8333,57,8390,4.82,
6.7.26,last_year,TOTAL LABOR,,49996,341,50337,28.92,
6.7.26,report_week,BOH,670,10224,0,10224,8.51,15.27
6.7.26,report_week,FOH,1061,6703,77,6780,5.64,
6.7.26,report_week,Training,170,1874,0,1874,1.56,
6.7.26,report_week,FOH Salary,0,6434,0,6434,5.36,
6.7.26,report_week,BOH Salary,0,0,0,0,0.00,0.00
6.7.26,report_week,OTHER,0,844,0,844,0.70,
6.7.26,report_week,SUBTOTAL,1901,26079,77,26156,21.77,15.27
6.7.26,report_week,PAYROLL TAX,,5216,15,5231,4.35,
6.7.26,report_week,TOTAL LABOR,,31295,92,31387,26.13,
6.14.26,last_year,BOH,691,9426,0,9426,5.00,9.81
6.14.26,last_year,FOH,3308,10275,380,10655,5.65,
6.14.26,last_year,Training,129,1380,0,1380,0.73,
6.14.26,last_year,FOH Salary,0,7338,0,7338,3.89,
6.14.26,last_year,BOH Salary,0,13095,0,13095,6.94,13.63
6.14.26,last_year,OTHER,0,1548,0,1548,0.82,
6.14.26,last_year,SUBTOTAL,4128,43062,380,43442,23.02,23.44
6.14.26,last_year,PAYROLL TAX,,8612,76,8688,4.60,
6.14.26,last_year,TOTAL LABOR,,51674,456,52130,27.63,
6.14.26,report_week,BOH,654,10499,0,10499,6.86,13.96
6.14.26,report_week,FOH,1329,8249,77,8326,5.44,
6.14.26,report_week,Training,154,1699,0,1699,1.11,
6.14.26,report_week,FOH Salary,0,6660,0,6660,4.35,
6.14.26,report_week,BOH Salary,0,13095,0,13095,8.55,17.41
6.14.26,report_week,OTHER,0,422,0,422,0.28,
6.14.26,report_week,SUBTOTAL,2137,40624,77,40701,26.58,31.37
6.14.26,report_week,PAYROLL TAX,,8125,15,8140,5.32,
6.14.26,report_week,TOTAL LABOR,,48748,92,48841,31.90,
6.21.26,last_year,BOH,740,10534,400,10934,5.61,11.02
6.21.26,last_year,FOH,1640,9777,329,10106,5.18,
6.21.26,last_year,Training,67,713,0,713,0.37,
6.21.26,last_year,FOH Salary,0,7338,0,7338,3.76,
6.21.26,last_year,BOH Salary,0,13395,0,13395,6.87,13.50
6.21.26,last_year,OTHER,0,1548,0,1548,0.79,
6.21.26,last_year,SUBTOTAL,2447,43305,729,44034,22.59,24.52
6.21.26,last_year,PAYROLL TAX,,8661,146,8807,4.52,
6.21.26,last_year,TOTAL LABOR,,51965,875,52840,27.10,
6.21.26,report_week,BOH,753,11082,0,11082,7.27,13.81
6.21.26,report_week,FOH,1345,8322,77,8399,5.51,
6.21.26,report_week,Training,113,1246,0,1246,0.82,
6.21.26,report_week,FOH Salary,0,6610,0,6610,4.34,
6.21.26,report_week,BOH Salary,0,13395,0,13395,8.79,16.69
6.21.26,report_week,OTHER,0,426,0,426,0.28,
6.21.26,report_week,SUBTOTAL,2211,41081,77,41158,27.00,30.49
6.21.26,report_week,PAYROLL TAX,,8216,15,8232,5.40,
6.21.26,report_week,TOTAL LABOR,,49297,92,49389,32.40,
6.28.26,last_year,BOH,709,10513,0,10513,5.86,11.31
6.28.26,last_year,FOH,1576,9773,309,10082,5.62,
6.28.26,last_year,Training,27,286,0,286,0.16,
6.28.26,last_year,FOH Salary,0,7338,0,7338,4.09,
6.28.26,last_year,BOH Salary,0,14008,0,14008,7.80,15.07
6.28.26,last_year,OTHER,0,1548,0,1548,0.86,
6.28.26,last_year,SUBTOTAL,2312,43466,309,43775,24.39,26.39
6.28.26,last_year,PAYROLL TAX,,8693,62,8755,4.88,
6.28.26,last_year,TOTAL LABOR,,52159,371,52529,29.27,
6.28.26,report_week,BOH,753,11082,0,11082,7.98,16.28
6.28.26,report_week,FOH,1194,6885,77,6962,5.01,
6.28.26,report_week,Training,189,2077,0,2077,1.50,
6.28.26,report_week,FOH Salary,0,6460,0,6460,4.65,
6.28.26,report_week,BOH Salary,0,14008,0,14008,10.08,20.58
6.28.26,report_week,OTHER,0,426,0,426,0.31,
6.28.26,report_week,SUBTOTAL,2136,40938,77,41015,29.52,36.87
6.28.26,report_week,PAYROLL TAX,,8188,15,8203,5.90,
6.28.26,report_week,TOTAL LABOR,,49125,92,49217,35.43,
7.05.26,last_year,BOH,693,9176,327,9503,6.68,11.44
7.05.26,last_year,FOH,1523,9970,236,10206,7.18,
7.05.26,last_year,Training,96,1032,0,1032,0.73,
7.05.26,last_year,FOH Salary,0,7338,0,7338,5.16,
7.05.26,last_year,BOH Salary,0,12383,0,12383,8.71,14.91
7.05.26,last_year,OTHER,0,1548,0,1548,1.09,
7.05.26,last_year,SUBTOTAL,2312,41447,563,42010,29.55,26.35
7.05.26,last_year,PAYROLL TAX,,8289,113,8402,5.91,
7.05.26,last_year,TOTAL LABOR,,49736,676,50411,35.46,
7.05.26,report_week,BOH,612,10184,0,10184,10.14,16.40
7.05.26,report_week,FOH,1074,6720,77,6797,6.77,
7.05.26,report_week,Training,67,735,0,735,0.73,
7.05.26,report_week,FOH Salary,0,7034,0,7034,7.00,
7.05.26,report_week,BOH Salary,0,12383,0,12383,12.33,19.94
7.05.26,report_week,OTHER,0,1278,0,1278,1.27,
7.05.26,report_week,SUBTOTAL,1753,38334,77,38411,38.24,36.34
7.05.26,report_week,PAYROLL TAX,,7667,15,7682,7.65,
7.05.26,report_week,TOTAL LABOR,,46000,92,46093,45.89,
7.12.26,last_year,BOH,685,9240,0,9240,5.47,9.90
7.12.26,last_year,FOH,1392,9097,109,9206,5.45,
7.12.26,last_year,Training,46,492,0,492,0.29,
7.12.26,last_year,FOH Salary,0,7338,0,7338,4.35,
7.12.26,last_year,BOH Salary,0,12615,0,12615,7.47,13.52
7.12.26,last_year,OTHER,0,1548,0,1548,0.92,
7.12.26,last_year,SUBTOTAL,2123,40330,109,40439,23.95,23.42
7.12.26,last_year,PAYROLL TAX,,8066,22,8088,4.79,
7.12.26,last_year,TOTAL LABOR,,48395,131,48526,28.74,
7.12.26,report_week,BOH,647,11102,0,11102,8.32,15.11
7.12.26,report_week,FOH,1140,6755,77,6832,5.12,
7.12.26,report_week,Training,190,1987,142,2129,1.59,
7.12.26,report_week,FOH Salary,0,6225,0,6225,4.66,
7.12.26,report_week,BOH Salary,0,12615,0,12615,9.45,17.17
7.12.26,report_week,OTHER,0,852,0,852,0.64,
7.12.26,report_week,SUBTOTAL,1977,39536,219,39755,29.78,32.28
7.12.26,report_week,PAYROLL TAX,,7907,44,7951,5.96,
7.12.26,report_week,TOTAL LABOR,,47443,263,47705,35.74,
7.19.26,last_year,BOH,680,9163,0,9163,4.90,9.07
7.19.26,last_year,FOH,1451,9379,207,9586,5.13,
7.19.26,last_year,Training,39,414,0,414,0.22,
7.19.26,last_year,FOH Salary,0,7338,0,7338,3.92,
7.19.26,last_year,BOH Salary,0,12615,0,12615,6.75,12.49
7.19.26,last_year,OTHER,0,1548,0,1548,0.83,
7.19.26,last_year,SUBTOTAL,2170,40457,207,40664,21.75,21.56
7.19.26,last_year,PAYROLL TAX,,8091,41,8133,4.35,
7.19.26,last_year,TOTAL LABOR,,48548,248,48796,26.10,
7.19.26,report_week,BOH,619,10010,0,10010,7.54,13.62
7.19.26,report_week,FOH,1023,6637,77,6714,5.06,
7.19.26,report_week,Training,113,1244,0,1244,0.94,
7.19.26,report_week,FOH Salary,0,6225,0,6225,4.69,
7.19.26,report_week,BOH Salary,0,12615,0,12615,9.50,17.17
7.19.26,report_week,OTHER,0,426,0,426,0.32,
7.19.26,report_week,SUBTOTAL,1755,37157,77,37234,28.05,30.79
7.19.26,report_week,PAYROLL TAX,,7431,15,7447,5.61,
7.19.26,report_week,TOTAL LABOR,,44588,92,44680,33.66,
7.26.26,last_year,BOH,736,10315,0,10315,5.87,11.01
7.26.26,last_year,FOH,1393,9120,339,9459,5.38,
7.26.26,last_year,Training,30,323,0,323,0.18,
7.26.26,last_year,FOH Salary,0,7338,0,7338,4.18,
7.26.26,last_year,BOH Salary,0,12383,0,12383,7.05,13.22
7.26.26,last_year,OTHER,0,1548,0,1548,0.88,
7.26.26,last_year,SUBTOTAL,2159,41027,339,41366,23.54,24.23
7.26.26,last_year,PAYROLL TAX,,8205,68,8273,4.71,
7.26.26,last_year,TOTAL LABOR,,49232,407,49639,28.25,
7.26.26,report_week,BOH,720,12536,0,12536,8.05,15.98
7.26.26,report_week,FOH,1269,8043,77,8120,5.22,
7.26.26,report_week,Training,77,852,0,852,0.55,
7.26.26,report_week,FOH Salary,0,7034,0,7034,4.52,
7.26.26,report_week,BOH Salary,0,12383,0,12383,7.95,15.78
7.26.26,report_week,OTHER,0,426,0,426,0.27,
7.26.26,report_week,SUBTOTAL,2066,41274,77,41351,26.56,31.77
7.26.26,report_week,PAYROLL TAX,,8255,15,8270,5.31,
7.26.26,report_week,TOTAL LABOR,,49528,92,49621,31.87,
8.2.26,last_year,BOH,769,9972,1462,11434,7.23,13.13
8.2.26,last_year,FOH,1434,8960,179,9139,5.78,
8.2.26,last_year,Training,130,1391,0,1391,0.88,
8.2.26,last_year,FOH Salary,0,7338,0,7338,4.64,
8.2.26,last_year,BOH Salary,0,11272,0,11272,7.13,12.94
8.2.26,last_year,OTHER,0,1548,0,1548,0.98,
8.2.26,last_year,SUBTOTAL,2333,40481,1641,42122,26.65,26.08
8.2.26,last_year,PAYROLL TAX,,8096,328,8424,5.33,
8.2.26,last_year,TOTAL LABOR,,48577,1969,50546,31.98,
8.2.26,report_week,BOH,672,11848,0,11848,10.07,18.03
8.2.26,report_week,FOH,1002,6442,77,6519,5.54,
8.2.26,report_week,Training,42,464,0,464,0.39,
8.2.26,report_week,FOH Salary,0,6120,0,6120,5.20,
8.2.26,report_week,BOH Salary,0,11272,0,11272,9.58,17.15
8.2.26,report_week,OTHER,0,852,0,852,0.72,
8.2.26,report_week,SUBTOTAL,1716,36998,77,37075,31.52,35.18
8.2.26,report_week,PAYROLL TAX,,7400,15,7415,6.30,
8.2.26,report_week,TOTAL LABOR,,44397,92,44489,37.82,
8.9.26,last_year,BOH,736,10315,0,10315,5.87,11.01
8.9.26,last_year,FOH,1393,9120,339,9459,5.38,
8.9.26,last_year,Training,30,323,0,323,0.18,
8.9.26,last_year,FOH Salary,0,7338,0,7338,4.18,
8.9.26,last_year,BOH Salary,0,12383,0,12383,7.05,13.22
8.9.26,last_year,OTHER,0,1548,0,1548,0.88,
8.9.26,last_year,SUBTOTAL,2159,41027,339,41366,23.54,24.23
8.9.26,last_year,PAYROLL TAX,,8205,68,8273,4.71,
8.9.26,last_year,TOTAL LABOR,,49232,407,49639,28.25,
8.9.26,report_week,BOH,666,11442,0,11442,7.35,14.59
8.9.26,report_week,FOH,1270,8057,77,8134,5.22,
8.9.26,report_week,Training,77,852,0,852,0.55,
8.9.26,report_week,FOH Salary,0,7034,0,7034,4.52,
8.9.26,report_week,BOH Salary,0,12383,0,12383,7.95,15.78
8.9.26,report_week,OTHER,0,426,0,426,0.27,
8.9.26,report_week,SUBTOTAL,2013,40194,77,40271,25.86,30.37
8.9.26,report_week,PAYROLL TAX,,8039,15,8054,5.17,
8.9.26,report_week,TOTAL LABOR,,48232,92,48325,31.04,
8.16.26,last_year,BOH,727,10221,28,10249,5.44,10.86
8.16.26,last_year,FOH,1396,8729,73,8802,4.67,
8.16.26,last_year,Training,179,1917,0,1917,1.02,
8.16.26,last_year,FOH Salary,0,7338,0,7338,3.89,
8.16.26,last_year,BOH Salary,0,12383,0,12383,6.57,13.12
8.16.26,last_year,OTHER,0,1548,0,1548,0.82,
8.16.26,last_year,SUBTOTAL,2302,42136,101,42237,22.41,23.98
8.16.26,last_year,PAYROLL TAX,,8427,20,8447,4.48,
8.16.26,last_year,TOTAL LABOR,,50563,121,50684,26.89,
8.16.26,report_week,BOH,651,11917,0,11917,9.19,15.87
8.16.26,report_week,FOH,1033,6551,77,6628,5.11,
8.16.26,report_week,Training,23,254,0,254,0.20,
8.16.26,report_week,FOH Salary,0,5870,0,5870,4.53,
8.16.26,report_week,BOH Salary,0,8518,0,8518,6.57,11.35
8.16.26,report_week,OTHER,0,852,0,852,0.66,
8.16.26,report_week,SUBTOTAL,1707,33962,77,34039,26.25,27.22
8.16.26,report_week,PAYROLL TAX,,6792,15,6808,5.25,
8.16.26,report_week,TOTAL LABOR,,40754,92,40847,31.50,
